id,name,age,signup_date,is_active
1,User_1,58,2024-12-27,False
2,User_2,32,2023-08-21,True
3,User_3,45,2023-12-18,False
4,User_4,34,2025-01-14,True
5,User_5,25,2024-03-07,False
6,User_6,36,2023-05-27,True
7,User_7,45,2022-11-12,True
8,User_8,48,2024-05-23,True
9,User_9,25,2023-08-31,False
10,User_10,44,2022-08-01,True
11,User_11,19,2023-12-02,True
12,User_12,28,2024-09-19,True
13,User_13,46,2022-07-23,False
14,User_14,54,2024-11-19,True
15,User_15,32,2025-03-27,False
16,User_16,19,2024-02-03,False
17,User_17,59,2024-05-25,False
18,User_18,31,2023-12-11,False
19,User_19,18,2022-07-28,False
20,User_20,52,2024-08-18,False
21,User_21,18,2023-06-08,False
22,User_22,46,2024-07-15,False
23,User_23,51,2024-08-02,False
24,User_24,36,2022-07-28,True
25,User_25,46,2023-03-29,False
26,User_26,24,2024-03-12,False
27,User_27,47,2024-04-21,False
28,User_28,56,2023-06-18,True
29,User_29,33,2023-06-20,False
30,User_30,42,2023-06-26,True
31,User_31,26,2023-07-06,True
32,User_32,29,2022-10-14,True
33,User_33,58,2024-01-22,True
34,User_34,21,2023-12-26,False
35,User_35,45,2024-07-03,True
36,User_36,52,2023-08-25,True
37,User_37,59,2023-10-03,True
38,User_38,24,2024-11-21,True
39,User_39,60,2022-11-26,False
40,User_40,20,2024-01-15,True
41,User_41,21,2025-01-03,True
42,User_42,50,2023-02-02,False
43,User_43,51,2023-06-15,True
44,User_44,54,2024-01-23,True
45,User_45,59,2024-12-12,False
46,User_46,55,2023-02-06,True
47,User_47,36,2024-02-13,False
48,User_48,54,2024-05-22,False
49,User_49,45,2023-10-06,False
50,User_50,22,2023-11-18,True
51,User_51,29,2024-01-08,False
52,User_52,42,2023-01-12,True
53,User_53,31,2023-11-13,True
54,User_54,41,2024-10-02,False
55,User_55,31,2024-06-09,True
56,User_56,53,2024-07-05,False
57,User_57,55,2022-10-12,True
58,User_58,39,2024-10-15,False
59,User_59,54,2024-05-15,False
60,User_60,19,2023-05-11,True
61,User_61,52,2023-03-03,True
62,User_62,58,2025-01-15,True
63,User_63,51,2022-09-07,True
64,User_64,31,2023-05-11,False
65,User_65,58,2024-03-08,False
66,User_66,41,2023-06-13,False
67,User_67,44,2024-01-10,True
68,User_68,59,2024-05-19,True
69,User_69,32,2023-08-28,True
70,User_70,44,2024-12-30,True
71,User_71,32,2023-12-17,False
72,User_72,53,2023-01-16,False
73,User_73,18,2023-01-11,True
74,User_74,46,2024-06-29,True
75,User_75,55,2023-04-12,True
76,User_76,52,2023-11-28,True
77,User_77,54,2024-10-19,True
78,User_78,50,2025-02-06,True
79,User_79,47,2024-05-28,True
80,User_80,32,2023-01-07,False
81,User_81,42,2023-05-11,False
82,User_82,55,2023-08-18,True
83,User_83,59,2023-11-23,False
84,User_84,54,2025-02-05,False
85,User_85,46,2023-02-13,True
86,User_86,57,2025-04-07,True
87,User_87,45,2023-09-15,False
88,User_88,48,2023-03-05,True
89,User_89,49,2023-08-09,False
90,User_90,39,2023-04-05,False
91,User_91,56,2023-04-15,False
92,User_92,50,2024-03-10,False
93,User_93,56,2023-12-14,True
94,User_94,21,2024-10-14,True
95,User_95,20,2022-08-25,True
96,User_96,46,2023-01-05,False
97,User_97,39,2023-09-13,True
98,User_98,36,2023-08-20,False
99,User_99,24,2024-09-06,True
100,User_100,26,2022-12-27,False
